{"cameraMode":{"drawMode":0,"name":"Shaded","section":"Shading Mode"},"sceneLighting":true,"audioPlay":false,"sceneViewState":{"m_AlwaysRefresh":false,"showFog":true,"showSkybox":true,"showFlares":true,"showImageEffects":true,"showParticleSystems":true,"showVisualEffectGraphs":true,"m_FxEnabled":true},"in2DMode":false,"pivot":{"x":99.40425872802735,"y":16.05234146118164,"z":122.28935241699219},"rotation":{"x":-0.045091405510902408,"y":0.8474034070968628,"z":-0.07288563996553421,"w":-0.5240210294723511},"size":22.352293014526368,"orthographic":false}