{"cameraMode":{"drawMode":0,"name":"Shaded","section":"Shading Mode"},"sceneLighting":true,"audioPlay":false,"sceneViewState":{"m_AlwaysRefresh":false,"showFog":true,"showSkybox":true,"showFlares":true,"showImageEffects":true,"showParticleSystems":true,"showVisualEffectGraphs":true,"m_FxEnabled":true},"in2DMode":false,"pivot":{"x":110.75538635253906,"y":6.9007463455200199,"z":99.40496826171875},"rotation":{"x":0.33999204635620119,"y":-0.3345932364463806,"z":0.13089236617088319,"w":0.8690965175628662},"size":11.614555358886719,"orthographic":false}