{"cameraMode":{"drawMode":0,"name":"Shaded","section":"Shading Mode"},"sceneLighting":true,"audioPlay":false,"sceneViewState":{"m_AlwaysRefresh":false,"showFog":true,"showSkybox":true,"showFlares":true,"showImageEffects":true,"showParticleSystems":true,"showVisualEffectGraphs":true,"m_FxEnabled":true},"in2DMode":false,"pivot":{"x":82.95944213867188,"y":0.9622927904129028,"z":122.31903839111328},"rotation":{"x":0.021008284762501718,"y":-0.968695342540741,"z":0.2312217652797699,"w":0.08801168203353882},"size":15.457097053527832,"orthographic":false}