{"cameraMode":{"drawMode":0,"name":"Shaded","section":"Shading Mode"},"sceneLighting":true,"audioPlay":false,"sceneViewState":{"m_AlwaysRefresh":false,"showFog":true,"showSkybox":true,"showFlares":true,"showImageEffects":true,"showParticleSystems":true,"showVisualEffectGraphs":true,"m_FxEnabled":true},"in2DMode":false,"pivot":{"x":-82.48637390136719,"y":17.348983764648439,"z":-75.01628112792969},"rotation":{"x":-0.00707646831870079,"y":-0.9316439628601074,"z":-0.018169373273849489,"w":0.3628500699996948},"size":134.68597412109376,"orthographic":false}